9000.000000,11000.000000,9480.778266,11000.000000,10947.930673,10104.774208,11000.000000
9900.000000,10511.198980,10470.849063,10649.387789,12100.000000,9977.868387,10594.029231
9534.626308,11653.432154,9534.626308,9534.626308,11653.432154,11496.027371,11552.350617
10397.115555,11199.043509,10891.560006,10397.115555,12707.585679,11215.709117,12707.585679
13978.344246,13978.344246,11436.827111,13978.344246,11436.827111,11436.827111,13978.344246
12580.509822,13968.650476,15376.178671,12580.509822,12580.509822,15376.178671,14390.294504
12951.265054,13852.658365,15829.323954,12951.265054,15829.323954,15829.323954,12951.265054
12703.544376,14246.391559,11839.968345,11656.138548,11656.138548,13719.569963,11710.277247
12812.345368,10539.249522,12881.304972,12881.304972,12881.304972,12101.445041,12881.304972
14169.435469,11593.174474,13547.892178,12495.716289,11593.174474,11645.435289,12046.636070
10841.972463,10841.972463,11380.059381,13251.299677,12932.884344,12010.851234,12679.559631
11411.603668,11411.603668,12922.104532,11544.773660,13627.970291,13947.515594,11411.603668
12552.764035,11051.029406,11210.342728,12552.764035,12552.764035,10703.200739,10270.443301
11297.487631,9243.398971,11133.452167,11297.487631,9936.598058,11297.487631,9321.204916
9443.269146,8725.909899,10253.325408,9198.049891,10253.325408,8840.313109,8389.084424
7550.175982,7550.175982,9227.992867,9227.992867,9227.992867,7977.951883,8171.031088
8058.167803,8988.134196,8953.929681,7353.927979,7353.927979,7816.552475,7511.459442
6760.313498,6760.313498,8262.605387,8250.178165,6760.313498,6760.313498,6760.313498
6733.318864,7436.344848,7361.143770,6084.282148,7436.344848,6326.899178,6660.806323
5994.725691,5994.725691,7326.886956,6144.083785,7326.886956,7326.886956,6414.101312
5772.691181,5772.691181,7055.511443,5772.691181,5772.691181,7055.511443,7055.511443
6349.960299,7380.766034,6870.159138,7761.062588,7649.629251,6349.960299,7359.577271
6714.676532,8094.998551,7179.894708,6742.033488,6623.619543,7883.487409,8095.534998
8905.088497,8905.088497,8905.088497,7285.981498,8905.088497,7689.909558,8391.548823
9230.703705,8744.846094,7552.393941,9230.703705,8380.384295,8877.228144,7552.393941
8265.882889,8307.633335,8307.633335,6797.154547,8307.633335,8307.633335,8307.633335
7476.870001,9138.396668,8980.690102,7476.870001,9138.396668,9138.396668,8786.360988
8432.777456,7907.724889,9664.997087,9664.997087,7907.724889,8667.675638,8055.779564
7298.543256,8226.936015,7527.918646,7502.121755,7474.389529,8548.801136,8861.357521
9747.493273,7975.221769,9747.493273,9747.493273,9600.082942,9747.493273,8994.571773
8095.114595,8927.171712,8867.186126,8095.114595,8536.660362,8361.156880,9894.028950
10145.277328,10883.431845,10883.431845,10883.431845,8904.626055,9107.491440,10883.431845
9795.088660,9795.088660,9795.088660,10576.328031,11971.775029,9795.088660,11871.322743
10684.190469,12371.379629,10684.190469,13058.455017,12721.488272,11387.023020,11326.076333
12458.683966,10262.528793,11172.302099,10193.468700,11599.833850,12458.683966,12458.683966
11212.815570,11573.360483,11212.815570,11212.815570,11212.815570,11212.815570,13704.552363
13423.802197,14249.167574,15075.007599,15075.007599,12334.097127,12334.097127,12334.097127
13567.506839,13391.870582,11100.687414,11100.687414,12835.997741,13567.506839,13567.506839
13538.664861,13749.665541,13955.239023,13975.039978,14043.699780,12210.756156,12210.756156
13431.831771,10989.680540,10989.680540,10989.680540,10989.680540,13076.899617,10989.680540
12088.648594,12088.648594,9890.712486,10885.042856,12088.648594,12088.648594,12088.648594
11458.284685,10879.783735,13297.513453,13297.513453,11424.901447,10879.783735,10879.783735
9791.805361,10273.604123,11967.762108,10021.914695,11316.475044,10279.818144,9791.805361
10770.985897,9716.593159,9510.977217,9529.650669,10770.985897,10770.985897,10770.985897
10792.140384,11848.084487,11525.397081,11848.084487,11848.084487,9693.887307,11542.392049
12038.814909,12114.661496,12696.631254,12696.631254,11061.823678,11676.526089,12696.631254
13966.294380,11426.968129,11426.968129,11426.968129,11426.968129,12560.471441,12865.600797
11579.040717,13676.322705,14152.160876,13120.921265,14046.710117,13758.278684,11579.040717
10421.136645,10421.136645,12736.944789,10549.054711,12736.944789,11000.430731,10421.136645
10747.367390,11463.250310,9409.500465,9379.022981,9379.022981,10515.581118,10771.026053
11848.128659,11848.128659,9693.923448,10313.167689,10340.068596,9693.923448,11848.128659
13032.941525,10663.315793,10886.719733,10663.315793,10676.523231,10663.315793,10663.315793
10778.535772,9596.984214,11729.647372,10500.123496,10825.077431,11442.209612,11729.647372
11327.580663,12688.280911,11599.628389,12782.541344,12785.937977,10556.682635,12902.612109
14042.418611,14177.907227,12400.299796,11612.350898,13182.328391,14192.873320,11612.350898
10460.275684,12773.585988,10451.115809,12773.585988,12035.107242,10451.115809,12773.585988
11496.227389,12438.036231,14050.944587,14050.944587,11496.227389,11496.227389,12149.094888
13364.004377,11389.336194,13364.004377,10934.185399,13364.004377,10934.185399,13364.004377
14700.404814,14700.404814,13796.998254,12200.949356,12286.223646,14700.404814,12151.065905
10935.959315,11935.043363,11754.598740,10935.959315,13366.172496,10935.959315,13366.172496
12029.555246,12029.555246,12029.555246,14702.789746,12029.555246,12029.555246,14702.789746
16173.068720,16173.068720,13232.510771,15728.425968,14826.299802,13232.510771,16173.068720
17790.375592,17790.375592,16594.353552,15771.628460,17547.935606,14610.419382,17790.375592
19569.413151,19569.413151,16011.338033,16632.437085,19569.413151,16011.338033,16876.940252
16102.036630,16173.175205,15189.246227,15189.246227,15189.246227,15189.246227,15345.751295
16880.326425,13811.176166,13811.176166,14562.098226,16880.326425,16051.347198,16880.326425
17343.144755,18568.359067,15658.389697,17653.257480,15192.293782,15192.293782,18568.359067
16711.523161,16711.523161,16711.523161,17044.352581,16711.523161,16711.523161,17517.900565
19269.690621,19269.690621,19269.690621,15839.960442,16246.815150,19269.690621,19269.690621
17342.721559,19145.152634,19577.849795,21196.659683,20707.892065,19276.657117,21196.659683
21625.970591,19076.993715,20433.328636,19076.993715,23316.325652,19889.502195,21731.954636
20099.161986,22732.012520,23905.150099,19558.759172,21172.338910,20299.528609,20133.283398
22146.611738,22146.611738,22146.611738,18504.058567,18119.955058,22146.611738,21495.808339
21681.193603,23645.389173,23645.389173,23645.389173,21600.146867,23645.389173,19500.970223
17550.873201,17550.873201,17550.873201,17550.873201,21451.067245,21451.067245,19656.775495
21622.453045,21376.440804,17691.097946,17691.097946,21622.453045,17691.097946,21622.453045
19460.207741,20348.786791,22862.445654,19770.163231,20011.226980,20251.313705,21629.795334
19466.815800,21570.523542,19466.815800,19466.815800,21651.002308,19466.815800,21685.681074
22238.382393,20665.925553,21786.002381,19574.379071,19606.312395,20086.795055,22473.073168
24536.110377,21700.195199,20727.058346,20225.765851,24720.380485,24720.380485,24720.380485
22248.342437,22969.541613,22941.193120,27192.418534,24373.040054,27192.418534,22248.342437
24473.176680,24473.176680,24473.176680,24473.176680,20023.508193,20512.187832,22050.475967
24255.523564,20844.209145,19845.428370,23149.122778,24255.523564,20083.102561,19845.428370
21827.806506,21829.971207,17860.885533,21007.963921,21829.971207,21829.971207,18257.407171
18098.627080,16431.666454,16431.666454,16431.666454,16431.666454,20083.147888,20083.147888
21680.421340,22091.462677,22091.462677,19578.571230,18074.833099,22091.462677,22027.934406
19825.140965,19825.140965,19825.140965,19825.140965,21999.123560,24230.727847,20462.414299
22508.655729,20425.588142,18416.172869,20498.221763,20536.019298,18416.172869,18416.172869
19499.499192,20257.790156,18665.633154,19141.168091,20257.790156,16574.555582,19379.858378
21317.844216,21317.844216,21317.844216,17441.872541,20761.069865,21317.844216,17441.872541
15829.186008,16964.984796,18356.128057,15697.685287,16834.111886,19186.059795,15697.685287
17267.453815,14127.916758,14596.540095,14127.916758,14127.916758,17267.453815,14127.916758
15423.906298,15231.967884,15540.708434,12715.125082,13919.069996,13879.499161,15540.708434
15426.807186,13986.637590,14568.047973,13986.637590,17094.779277,13986.637590,13986.637590
12587.973831,15385.301349,14168.721379,12587.973831,14220.222454,12587.973831,15385.301349
16923.831484,14014.541661,13846.771214,16923.831484,13846.771214,15556.601978,13846.771214
12910.730048,12775.911416,15231.448336,15231.448336,15041.154843,12462.094093,12462.094093
11215.884684,12114.332344,11215.884684,13708.303502,12234.792651,11215.884684,11215.884684
10094.296215,10781.518625,10094.296215,10094.296215,10094.296215,12337.473152,10094.296215
9084.866594,10655.675948,9563.156823,9868.620794,9580.097912,9084.866594,9640.390779
8676.351701,10604.429857,8676.351701,10604.429857,8676.351701,8676.351701,8676.351701
9543.986871,8724.814577,8609.439529,7808.716531,8010.037924,7808.716531,8538.168334
9391.985168,7684.351501,7684.351501,9364.984755,9391.985168,8484.421072,9024.099936
8121.689942,8121.689942,8493.716992,9053.927346,8121.689942,8121.689942,8121.689942
8716.250655,8933.858937,8933.858937,7309.520948,8032.115199,8933.858937,8569.473361
9128.325690,9426.420697,7935.311838,9426.420697,8527.918896,9426.420697,9098.620198
9937.798206,10008.482217,8188.758178,9344.069259,10008.482217,8188.758178,10008.482217
9007.633996,11009.330439,11009.330439,9858.728205,9007.633996,11009.330439,9007.633996
8106.870596,8106.870596,8106.870596,9908.397395,9908.397395,9908.397395,8106.870596
8917.557656,7296.183536,8917.557656,7331.741289,7296.183536,7296.183536,7709.661609
8480.627770,8480.627770,7962.671390,8044.681340,7293.382851,8480.627770,8242.804332
9067.084766,7787.083241,9067.084766,9067.084766,7808.531861,9067.084766,8420.782869
8786.658145,7578.704582,8037.331130,8990.718409,7578.704582,7685.485741,7578.704582
8336.575040,8336.575040,8336.575040,7605.906385,6820.834124,6820.834124,6820.834124
7502.917536,6138.750712,6138.750712,7502.917536,6138.750712,6138.750712,6591.905612
7251.096173,5932.715050,5932.715050,7251.096173,7251.096173,5932.715050,7251.096173
6730.110240,7739.164158,7976.205790,7759.006822,7976.205790,7976.205790,6958.177480
7653.995228,6262.359732,7341.294095,7204.508249,7653.995228,6262.359732,7653.995228
8182.773461,7436.970003,8419.394751,7176.452539,8419.394751,8419.394751,7542.118627
7189.835423,8296.330489,6787.906764,8215.538849,8296.330489,8296.330489,8296.330489
7669.229117,7466.697440,7466.697440,9125.963538,9125.963538,7872.336869,7466.697440
8213.367184,8213.367184,6767.562353,6720.027696,6720.027696,7609.935226,7038.551291
7742.406420,6334.696162,6334.696162,6334.696162,6469.684904,7435.473428,7742.406420
7309.814683,8206.580936,7359.567534,6968.165778,6968.165778,8465.728231,7051.062571
6345.956314,6345.956314,7472.801242,7153.500842,7147.763038,6898.215441,6345.956314
6980.551945,6980.551945,6980.551945,5712.493124,6408.953333,5967.048047,6980.551945
7678.607140,6282.496751,6282.496751,6655.045184,6282.496751,6282.496751,6376.641860
5738.977674,5738.977674,7014.306046,5738.977674,7014.306046,6916.112022,5738.977674
6312.875442,6312.875442,5165.079907,5756.699552,5165.079907,6312.875442,5165.079907
4648.571916,4648.571916,5681.587898,5297.735706,5659.520058,4648.571916,4648.571916
4567.134657,4183.714725,5113.429108,4183.714725,5113.429108,5113.429108,4183.714725
4602.086197,3765.343252,3765.343252,4493.100891,3765.343252,3765.343252,3765.343252
3388.808927,4074.506438,4079.869072,3388.808927,3388.808927,4081.220572,4141.877577
4556.065335,3873.808328,4556.065335,3727.689820,4304.487262,4556.065335,4556.065335
4100.458802,4100.458802,5011.671869,4100.458802,4352.386374,4950.235896,4202.617857
4622.879643,3782.356072,3782.356072,4622.879643,4622.879643,4622.879643,4622.879643
5085.167607,4546.504069,4160.591679,4532.841896,4160.591679,4160.591679,5085.167607
5593.684368,5593.684368,4986.227661,4576.650847,5593.684368,5197.616164,5593.684368
5658.544550,6153.052805,6153.052805,5034.315931,5523.881105,5034.315931,5230.066324
4711.009562,4707.059691,4798.832298,5753.072956,4707.059691,5499.688680,5744.400801
6318.840881,5169.960721,5169.960721,5169.960721,6318.840881,6318.840881,5808.420757
6374.012752,5227.578682,5290.509430,5227.578682,6389.262833,5227.578682,5246.135889
4909.265470,5280.552404,5770.749478,4721.522300,4740.352449,5770.749478,4721.522300
4249.370070,5193.674530,4249.370070,5193.674530,5005.646451,5193.674530,5193.674530
5697.481489,5134.357372,4713.617171,4674.307077,4674.307077,5713.041983,5325.925765
4793.333188,5843.953234,5324.744715,5610.198597,4793.333188,4793.333188,4793.333188
5272.666507,5272.666507,4313.999869,5272.666507,5272.666507,4725.344512,5272.666507
5323.920735,5799.933158,5799.933158,5799.933158,5254.017839,4745.399856,5662.342670
5539.879437,5096.108403,5708.871054,5852.768209,5096.108403,5096.108403,5096.108403
4586.497563,4586.497563,5605.719243,5605.719243,4968.756755,4938.464948,5605.719243
5327.319941,6166.291167,5045.147319,6166.291167,5045.147319,5492.543683,6166.291167
5549.662051,6504.757168,6242.494025,6657.079234,5549.662051,5549.662051,6782.920284
7438.505883,6104.628256,6104.628256,7232.219108,7461.212313,6403.289858,7461.212313
6715.091081,6794.309017,6959.333565,8207.333544,6930.866096,6715.091081,6715.091081
6560.156742,6552.302050,7164.464996,6968.026868,6043.581973,6479.319533,6139.291431
5525.362288,5525.362288,5525.362288,6753.220574,5525.362288,6753.220574,5525.362288
6077.898516,4972.826059,4972.826059,4972.826059,4972.826059,4972.826059,6077.898516
5520.598491,5470.108665,6352.415740,6685.688368,6254.356559,5618.067388,6071.286897
5464.158208,6678.415587,6678.415587,5679.197010,5464.158208,5464.158208,6678.415587
7346.257146,6170.987889,7031.660957,6251.546475,7346.257146,6010.574028,7346.257146
7007.033398,7049.082618,6611.631431,8080.882860,6953.506429,6611.631431,6611.631431
7272.794574,6465.474569,7272.794574,5950.468288,5950.468288,5950.468288,7272.794574
7491.595610,7849.187453,8000.074032,6545.515117,6869.896853,6545.515117,8000.074032
7200.066629,7200.066629,7200.066629,8800.081435,8382.336759,7200.066629,7200.066629
7920.073291,6480.059966,6480.059966,7920.073291,7347.165325,7920.073291,7920.073291
8435.137360,8644.531288,8112.693397,8712.080621,8712.080621,7128.065962,8057.429366
7800.589406,7251.686429,7727.448530,7251.686429,7251.686429,8285.483828,7973.773357
8230.524039,7176.396021,8771.150693,8771.150693,7632.249671,8771.150693,7176.396021
7894.035624,6838.098454,6734.860652,6458.756419,6847.650876,7692.890344,7894.035624
8507.992957,8683.439186,8274.343028,8683.439186,8683.439186,8318.677550,8533.649177
9387.014095,9387.014095,9387.014095,9387.014095,8791.877363,9387.014095,7680.284259
6912.255833,7210.138931,6912.255833,6912.255833,7618.091212,7572.834356,7102.551438
6392.296294,7812.806582,6392.296294,7695.374000,7375.731257,6392.296294,7812.806582
8594.087240,8594.087240,7031.525923,7527.012702,7031.525923,8129.381917,7031.525923
6888.251416,6979.775708,6328.373331,7672.780392,6915.673337,7062.353900,6328.373331
6690.931425,5922.979190,6961.210664,6635.229642,5695.535998,5695.535998,6961.210664
7657.331731,6677.132760,6265.089598,7657.331731,7657.331731,7446.609445,7657.331731
6891.598558,6891.598558,8423.064904,7572.552454,6954.144802,8423.064904,6891.598558
6202.438702,6440.425533,6202.438702,6260.088526,6202.438702,7580.758413,6853.188234
6819.791879,6710.653670,7538.507058,6955.186982,6487.312840,7538.507058,7023.886216
7726.274837,6321.497594,7726.274837,6464.427487,6321.497594,6321.497594,6374.905097
5737.414588,7011.747364,5737.414588,6165.325953,7012.395607,5737.414588,6422.760851
7065.036936,6229.140714,7033.969184,6029.640247,6236.064361,7065.036936,7065.036936
6358.533243,7547.636787,7156.455411,6500.440985,6781.415091,7771.540630,6358.533243
6994.386567,5722.679918,6888.008237,6994.386567,6994.386567,5853.035441,5722.679918
6024.628444,5967.641023,6294.947910,5150.411927,5150.411927,5150.411927,6294.947910
6924.442701,6025.261170,6924.442701,6610.461916,5665.453119,5665.453119,6386.805884
7025.486473,6615.195544,5748.125296,5748.125296,6831.896581,5748.125296,5748.125296
6269.179450,6322.937825,6322.937825,5364.663482,5173.312766,5815.252249,6322.937825
5690.644043,6116.348906,6955.231608,6955.231608,6955.231608,6643.578001,5690.644043
6259.708447,6259.708447,5121.579639,6259.708447,5834.461230,6259.708447,5382.728613
4844.455751,5425.665567,5380.132218,5687.051458,4844.455751,5921.001474,5921.001474
6513.101621,6054.700318,5872.327807,5328.901326,6513.101621,5943.883574,6513.101621
6557.756667,7164.411783,5861.791459,5861.791459,5861.791459,6122.581014,7164.411783
6447.970605,7164.937199,7441.902619,6967.431318,6840.862554,7880.852962,7880.852962
7092.767666,8668.938258,7092.767666,8668.938258,8668.938258,7092.767666,7092.767666
7802.044432,7189.244434,6383.490899,7802.044432,6546.388913,7802.044432,7448.059270
6703.253343,7638.460567,6703.253343,6703.253343,6703.253343,7906.699965,7636.643629
6927.382860,8400.307992,8400.307992,8400.307992,7992.037099,8400.307992,8400.307992
7560.277193,9160.498745,8303.049248,9240.338791,7560.277193,7560.277193,9240.338791
10164.372671,8316.304912,8414.252358,9991.057837,10164.372671,8503.397573,10164.372671
11180.809938,9147.935404,9722.558245,9147.935404,9147.935404,9147.935404,9147.935404
8526.928635,8233.141863,8233.141863,10062.728944,8233.141863,10062.728944,10062.728944
11069.001838,11069.001838,10281.465907,9227.293861,9056.456049,11069.001838,9056.456049
8233.987962,8662.276422,8707.809080,8357.513487,9750.654211,9962.101654,9519.776508
9320.322128,10239.846011,8769.889516,10471.754159,8567.798858,8625.948428,9169.196882
9034.009858,10086.116570,10086.116570,10086.116570,8740.432865,8252.277194,10086.116570
10063.390052,9077.504913,11094.728227,9077.504913,9077.504913,9077.504913,9077.504913
8169.754422,8169.754422,9985.255405,8310.898276,9985.255405,9985.255405,9985.255405
10382.641624,9445.899230,9923.063167,9808.836019,10683.160722,8986.729864,10983.780945
10877.696904,11819.815597,12082.159040,10949.752495,9885.402851,11548.729944,9885.402851
8896.862566,8896.862566,10873.943136,8896.862566,9922.703994,10817.184784,10873.943136
11961.337449,9786.548822,11016.552670,10531.867276,9786.548822,11961.337449,9786.548822
8807.893940,9071.292092,9626.380539,10765.203704,9565.829073,10765.203704,10765.203704
10638.905204,9711.513429,11841.724075,11841.724075,11841.724075,9688.683334,9688.683334
9569.629100,10657.551667,10657.551667,10362.307990,8719.815001,10294.028651,8719.815001
9591.796501,7847.833501,7847.833501,8617.646828,7847.833501,9591.796501,7847.833501
8632.616851,8501.581852,7063.050150,7318.379287,7185.034590,8152.646960,8561.890941
9418.080035,9060.983940,7705.701847,7705.701847,9052.266979,9418.080035,9418.080035
8818.247173,10359.888038,8717.272116,9477.394494,8476.272031,10359.888038,9087.935547
9996.729101,9996.729101,9128.116355,8179.141992,9194.417292,8179.141992,8179.141992
7361.227793,7361.227793,8997.056191,8997.056191,7361.227793,8911.032121,7779.537985
8557.491783,7001.584186,8557.491783,7589.424555,7001.584186,8034.311007,8021.305293
8048.256381,7743.627974,8346.825855,7758.024671,7219.174763,8823.435822,7219.174763
7889.226317,7555.232228,7941.092240,6497.257287,7941.092240,6497.257287,7941.092240
8735.201464,7146.983016,8735.201464,7146.983016,7295.556425,8735.201464,8735.201464
9314.789047,7861.681317,9608.721610,9138.052854,9608.721610,7861.681317,8405.570903
7565.013813,9246.127993,7565.013813,8308.185384,8394.272379,7993.322715,8847.296814
9732.026496,9094.860488,7962.567133,7962.567133,9732.026496,8393.886915,7962.567133
7166.310420,8758.823846,7166.310420,8758.823846,7166.310420,8758.823846,8421.679412
7926.966058,9263.847354,7579.511471,7878.350783,9090.490122,7579.511471,8320.060576
7488.054518,8319.408750,7488.054518,9152.066633,7677.717264,7488.054518,9152.066633
10067.273297,10067.273297,8236.859970,10067.273297,8582.551877,8425.384946,10067.273297
11074.000627,11074.000627,9506.821875,9060.545967,10711.120300,10100.204699,11074.000627
10421.186861,11825.138088,12181.400689,11992.809929,11772.730645,12181.400689,11222.394635
10100.155171,10100.155171,12344.634098,10100.155171,11417.170365,12344.634098,10384.591173
11423.050290,10195.485127,9346.132056,9346.132056,9346.132056,9660.763671,11423.050290
12565.355319,10280.745261,10280.745261,11856.524527,12503.206658,12166.724236,10280.745261
11308.819787,10473.616882,9252.670735,11308.819787,10808.247321,11308.819787,9750.112900
8775.101610,9231.347782,8775.101610,10464.787060,10725.124190,10725.124190,10725.124190
9841.271381,11797.636609,9652.611771,9978.843821,9754.237087,11103.253651,9652.611771
8687.350594,9525.747299,9780.066099,9328.011794,10617.872948,9662.264409,10516.987416
10214.308601,11568.686158,10246.917457,9465.288675,10873.787088,11568.686158,9465.288675
9895.406497,10411.817542,10411.817542,8518.759807,9240.722060,8518.759807,9048.945508
9953.840059,8856.603151,9953.840059,9446.133582,9953.840059,8814.891284,9953.840059
8958.456053,10949.224065,8973.933529,8958.456053,9314.016531,9726.379334,10556.901862
10070.899470,10682.795981,10234.656098,9501.211676,11612.592048,11225.855081,9501.211676
8559.764710,8551.090508,10451.332843,8551.090508,8698.313081,8551.090508,8551.090508
7695.981457,7695.981457,9406.199559,7695.981457,7799.289581,8316.176611,9406.199559
8465.579603,10346.819515,8465.579603,8465.579603,10346.819515,8465.579603,8465.579603
8862.773494,7619.021643,7619.021643,9312.137563,9312.137563,7619.021643,7662.402737
8428.643010,8428.643010,8428.643010,6896.162463,8428.643010,6896.162463,7644.808262
8409.289088,8133.484865,6880.327436,7790.937888,7990.780017,6880.327436,7731.665213
8504.831734,8504.831734,7843.133868,8504.831734,6958.498692,8504.831734,8504.831734
7654.348561,9355.314908,8390.650693,9355.314908,8212.249314,9101.025748,8378.096347
9215.905982,7540.286713,9215.905982,8207.734101,9215.905982,7540.286713,7540.286713
7668.209210,8294.315384,7881.866478,6786.258041,7732.520387,7373.836983,6786.258041
6203.867343,6107.632237,7434.181819,7464.883845,7464.883845,6731.718027,6977.479785
7675.227763,7675.227763,6279.731806,6755.618333,6279.731806,7675.227763,7675.227763
8442.750539,7789.469409,6920.541280,7736.048694,7901.287487,6970.732679,6907.704987
7598.475485,7241.998487,6216.934488,6216.934488,6880.032364,7598.475485,7598.475485
8029.445966,7894.868859,7123.355796,8165.753218,8358.323034,6857.197058,8358.323034
9074.341343,7773.875831,9194.155337,9194.155337,7522.490731,9194.155337,9194.155337
9938.586165,8274.739804,9084.948223,8274.739804,10113.570871,8735.388442,8274.739804
8443.529011,9102.213784,7664.480156,7447.265823,7447.265823,7447.265823,7447.265823
6702.539241,8191.992406,7561.592122,8191.992406,7197.590748,8191.992406,8191.992406
9011.191646,7372.793165,7946.834834,7372.793165,8536.132968,7372.793165,7478.085039
6730.276535,7709.790531,6730.276535,8225.893543,8040.538935,6730.276535,7923.755972
8716.131569,8716.131569,8716.131569,8242.288369,8716.131569,8309.390237,7509.757025
8260.732728,6758.781323,6758.781323,8260.732728,8260.732728,7631.400756,8260.732728
7434.659455,9086.806000,8218.964559,8597.035228,7780.004965,7434.659455,8007.467069
7206.720362,7795.089265,8808.213776,7206.720362,8311.758933,8808.213776,8808.213776
8094.375609,7927.392398,8474.393006,9689.035153,9689.035153,9689.035153,7927.392398
7729.838044,7134.653158,7134.653158,8720.131638,7134.653158,8720.131638,8477.089310
9324.798241,7629.380379,9023.932472,7629.380379,7629.380379,7629.380379,9324.798241
8392.318417,10257.278065,9055.505240,10257.278065,8790.911707,10257.278065,8392.318417
8801.892303,8731.525711,7553.086575,7553.086575,7903.026315,7553.086575,8779.429467
7986.053085,8541.891675,9657.372414,8442.816970,7901.486520,7901.486520,9645.906179
8681.315561,8681.315561,10478.746168,10447.052058,10610.496797,8681.315561,10610.496797
9549.447117,9549.447117,9549.447117,10476.352500,10434.408303,9549.447117,9549.447117
8594.502406,8967.177043,8594.502406,10504.391829,8641.894133,8594.502406,8594.502406
9162.505192,9453.952646,9453.952646,8786.244284,9453.952646,9453.952646,7922.350413
8714.585455,8714.585455,7130.115372,8714.585455,8714.585455,7577.585638,8714.585455
7843.126909,7948.984926,7843.126909,9110.813890,9139.074426,7843.126909,7843.126909
7058.814218,7873.720070,8627.439600,8627.439600,8224.650766,7058.814218,7576.510245
8334.161270,7383.198279,6927.277920,6818.859221,8023.970711,6818.859221,6818.859221
6136.973299,7500.745143,6136.973299,7500.745143,6136.973299,6397.552473,6954.491820
7649.941002,7649.941002,6259.042638,6259.042638,7614.722577,7523.803492,7596.374393
7501.104256,7690.009195,8048.596223,6836.736954,8356.011833,6836.736954,7377.411621
8115.152784,6639.670459,7544.301605,6639.670459,6639.670459,8115.152784,7161.277963
7604.445820,6445.150167,6445.150167,7877.405759,7264.816654,6445.150167,6972.907263
6275.616536,6275.616536,7670.197989,7670.197989,6275.616536,6911.842706,7670.197989
8437.217788,6903.178190,8437.217788,7546.689213,7018.510105,6903.178190,8437.217788
7593.496009,7593.496009,7690.572755,8751.564972,7593.496009,7593.496009,8538.698416
9392.568258,9392.568258,9392.568258,8460.266637,8390.621364,9392.568258,7684.828574
7008.313010,6916.969514,8154.853093,6916.345717,6916.345717,6916.345717,7787.636227
8093.333842,8566.399850,7751.030686,7008.872605,7008.872605,7008.872605,7008.872605
6483.795300,6936.072725,6645.645797,6307.985344,6629.533047,6793.544106,7158.956170
7874.851787,6443.060553,6443.060553,7761.560707,7874.851787,7874.851787,6443.060553
6182.115529,5798.754497,6334.167335,6852.790497,6136.507233,7087.366608,7087.366608
7565.008795,7796.103269,7260.740963,6378.629947,6641.144824,6378.629947,7612.224131
6851.001718,6851.001718,8373.446544,7922.920374,6851.001718,7965.967851,8373.446544
7536.101890,9210.791198,9210.791198,7536.101890,9210.791198,9047.889114,9210.791198
8289.712079,9736.332214,8949.559102,8289.712079,8289.712079,9752.762287,9630.114281
8847.404874,9803.318079,10593.125710,9568.993001,10181.253889,10593.125710,8851.761294
7966.585165,9736.937424,9736.937424,7966.585165,9736.937424,8652.421654,8816.256423
7934.630781,9085.718762,9459.167381,9697.882066,8513.158604,9697.882066,8420.163232
7578.146909,9262.179555,7578.146909,7578.146909,8505.035763,7824.252681,7578.146909
8162.172755,6820.332218,7696.141497,8335.961600,8335.961600,7298.020801,8084.870417
7276.383375,7556.505925,7276.383375,8893.357459,8893.357459,7276.383375,7276.383375
8004.021713,6548.745038,7863.010569,7718.305204,8004.021713,7167.451724,8004.021713
8804.423884,7353.771100,8561.028330,8804.423884,7601.582546,7726.071279,8205.561169
9026.117286,7927.179874,7385.005052,9026.117286,7385.005052,7505.387223,9026.117286
9392.012823,8123.505557,9928.729015,9928.729015,9928.729015,9928.729015,9928.729015
10921.601916,8935.856113,10921.601916,8945.714332,10921.601916,8935.856113,9887.792588
9995.715881,10876.571847,10596.792623,8899.013329,9671.286472,10876.571847,8899.013329
9788.914662,8715.741957,9788.914662,8009.111996,9788.914662,8739.845802,9788.914662
8996.893418,9843.300814,9733.883053,10285.656439,10767.806128,9892.208435,8810.023196
7978.787789,9691.025516,8808.206712,7929.020876,9691.025516,8430.174626,9691.025516
10660.128067,8721.922964,10660.128067,9648.019243,8721.922964,8721.922964,10660.128067
11726.140874,10865.665437,9594.115260,11726.140874,11726.140874,11726.140874,11726.140874
10696.018284,10553.526786,10553.526786,10553.526786,12898.754961,12898.754961,12898.754961
14188.630457,13493.541317,11608.879465,11920.010442,12230.029765,11608.879465,14188.630457
15143.533600,15607.493503,15607.493503,13091.691522,13315.238283,14433.417440,15607.493503
15775.230070,17168.242853,14046.744153,17168.242853,14046.744153,17168.242853,14046.744153
14858.354790,12642.069738,14147.057157,15451.418568,14772.030030,14120.491704,15451.418568
13906.276711,15842.749789,16516.034144,13906.276711,16996.560425,13906.276711,16996.560425
18696.216467,18696.216467,18313.260663,16658.394658,15296.904382,18696.216467,18696.216467
19902.171138,16848.315756,16826.594821,19393.338093,18447.232292,20565.838114,20565.838114
18509.254303,20202.588239,18509.254303,18509.254303,21415.707481,22622.421926,20756.907982
20330.843979,20747.421823,22832.598780,22832.598780,18681.217184,18681.217184,22832.598780
20584.652581,25115.858658,25094.803183,20549.338902,24587.499285,23587.362333,20549.338902
22604.272792,18898.229494,22604.272792,22604.272792,18494.405012,18773.104214,22009.240854
24210.164940,19808.316769,22009.016366,21920.764985,19808.316769,24210.164940,20092.481282
18083.233154,18083.233154,22101.729411,20197.855055,19363.124853,18083.233154,18083.233154
19891.556469,19891.556469,19891.556469,19891.556469,16749.078490,18145.813758,19476.167898
18363.107753,17804.997711,21423.784688,17528.551108,17528.551108,17528.551108,18705.285127
20575.813640,20575.813640,20352.108776,16834.756615,20575.813640,20575.813640,16834.756615
15560.755579,18518.232276,18518.232276,17251.284009,18518.232276,18518.232276,18518.232276
16666.409049,16666.409049,18668.574313,16666.409049,20370.055504,16666.409049,19466.098295
17519.488465,18188.895809,17519.488465,21412.708124,17519.488465,17519.488465,18853.846690
18831.916918,19398.224665,16968.462021,16968.462021,16968.462021,17548.044346,18416.002467
16574.402220,16574.402220,16674.836565,20257.602714,18441.082487,16574.402220,20257.602714
21895.812272,18231.842442,18231.842442,18742.727880,18231.842442,18453.710351,22283.362985
20055.026686,20055.026686,20749.272092,20055.026686,20055.026686,23783.488999,21939.565324
19745.608791,24133.521856,19745.608791,24133.521856,24133.521856,24133.521856,21264.450380
23390.895418,19138.005342,19138.005342,23390.895418,21113.758505,19138.005342,21393.567528
19254.210775,23532.924281,23532.924281,19254.210775,19254.210775,23532.924281,23532.924281
25886.216709,21179.631852,21179.631852,25886.216709,23398.175919,21179.631852,25886.216709
23297.595038,27218.124393,23297.595038,28474.838379,25653.976124,23297.595038,27008.239083
24307.415175,25274.976426,26094.957352,29118.524904,29536.039047,29709.062992,29709.062992
32679.969291,26738.156692,26738.156692,32679.969291,26738.156692,29335.783606,31826.749057
35009.423963,28644.074151,28644.074151,35009.423963,28644.074151,28717.076428,28644.074151
31508.481566,25779.666736,25779.666736,30612.757410,25779.666736,31508.481566,31508.481566
28953.508237,28545.882596,28357.633410,28357.633410,28357.633410,33234.460489,29409.394480
26468.455032,26468.455032,32350.333928,26468.455032,32350.333928,31505.582289,28776.751546
30456.560259,31654.426700,29095.053644,25899.076391,31654.426700,31654.426700,28396.638833
25556.974950,31236.302717,25556.974950,25556.974950,31082.379002,31236.302717,25556.974950
28112.672445,23561.131408,23001.277455,28112.672445,23001.277455,28112.672445,23914.794367
26306.273804,26306.273804,24634.962928,26306.273804,23768.166480,22462.547449,21523.314930
19370.983437,23675.646423,22813.924971,23065.120178,23374.567294,20704.337103,19370.983437
21303.561213,21308.081781,20482.593004,17433.885094,20868.281573,17433.885094,18618.734721
20480.608193,20406.590845,17995.436577,16756.861249,18101.924648,19808.062375,19002.608822
20902.869704,17102.347940,20902.869704,20902.869704,20420.135975,17533.731713,20902.869704
22993.156675,21568.221019,22993.156675,22356.570321,19819.703892,18812.582734,19157.110991
